session_date,volume,local_symbol,con_id
2024-12-20,0.0,MESZ5,730283085
2024-12-23,0.0,MESZ5,730283085
2024-12-24,0.0,MESZ5,730283085
2024-12-26,6.0,MESZ5,730283085
2024-12-27,8.0,MESZ5,730283085
2024-12-30,1.0,MESZ5,730283085
2024-12-31,0.0,MESZ5,730283085
2025-01-02,0.0,MESZ5,730283085
2025-01-03,1.0,MESZ5,730283085
2025-01-06,1.0,MESZ5,730283085
2025-01-07,0.0,MESZ5,730283085
2025-01-08,1.0,MESZ5,730283085
2025-01-09,0.0,MESZ5,730283085
2025-01-10,5.0,MESZ5,730283085
2025-01-13,5.0,MESZ5,730283085
2025-01-14,0.0,MESZ5,730283085
2025-01-15,6.0,MESZ5,730283085
2025-01-16,2.0,MESZ5,730283085
2025-01-17,7.0,MESZ5,730283085
2025-01-20,4.0,MESZ5,730283085
2025-01-21,1.0,MESZ5,730283085
2025-01-22,1.0,MESZ5,730283085
2025-01-23,0.0,MESZ5,730283085
2025-01-24,0.0,MESZ5,730283085
2025-01-27,2.0,MESZ5,730283085
2025-01-28,0.0,MESZ5,730283085
2025-01-29,0.0,MESZ5,730283085
2025-01-30,0.0,MESZ5,730283085
2025-01-31,4.0,MESZ5,730283085
2025-02-03,3.0,MESZ5,730283085
2025-02-04,8.0,MESZ5,730283085
2025-02-05,2.0,MESZ5,730283085
2025-02-06,6.0,MESZ5,730283085
2025-02-07,0.0,MESZ5,730283085
2025-02-10,1.0,MESZ5,730283085
2025-02-11,2.0,MESZ5,730283085
2025-02-12,0.0,MESZ5,730283085
2025-02-13,5.0,MESZ5,730283085
2025-02-14,2.0,MESZ5,730283085
2025-02-17,1.0,MESZ5,730283085
2025-02-18,1.0,MESZ5,730283085
2025-02-19,2.0,MESZ5,730283085
2025-02-20,0.0,MESZ5,730283085
2025-02-21,6.0,MESZ5,730283085
2025-02-24,2.0,MESZ5,730283085
2025-02-25,3.0,MESZ5,730283085
2025-02-26,3.0,MESZ5,730283085
2025-02-27,6.0,MESZ5,730283085
2025-02-28,3.0,MESZ5,730283085
2025-03-03,4.0,MESZ5,730283085
2025-03-04,5.0,MESZ5,730283085
2025-03-05,7.0,MESZ5,730283085
2025-03-06,9.0,MESZ5,730283085
2025-03-07,9.0,MESZ5,730283085
2025-03-10,8.0,MESZ5,730283085
2025-03-11,13.0,MESZ5,730283085
2025-03-12,0.0,MESZ5,730283085
2025-03-13,2.0,MESZ5,730283085
2025-03-14,3.0,MESZ5,730283085
2025-03-17,11.0,MESZ5,730283085
2025-03-18,4.0,MESZ5,730283085
2025-03-19,2.0,MESZ5,730283085
2025-03-20,5.0,MESZ5,730283085
2025-03-21,1.0,MESH6,750150186
2025-03-21,6.0,MESZ5,730283085
2025-03-24,0.0,MESH6,750150186
2025-03-24,79.0,MESZ5,730283085
2025-03-25,0.0,MESH6,750150186
2025-03-25,30.0,MESZ5,730283085
2025-03-26,0.0,MESH6,750150186
2025-03-26,39.0,MESZ5,730283085
2025-03-27,1.0,MESH6,750150186
2025-03-27,42.0,MESZ5,730283085
2025-03-28,1.0,MESH6,750150186
2025-03-28,61.0,MESZ5,730283085
2025-03-31,1.0,MESH6,750150186
2025-03-31,115.0,MESZ5,730283085
2025-04-01,0.0,MESH6,750150186
2025-04-01,63.0,MESZ5,730283085
2025-04-02,0.0,MESH6,750150186
2025-04-02,115.0,MESZ5,730283085
2025-04-03,1.0,MESH6,750150186
2025-04-03,261.0,MESZ5,730283085
2025-04-04,6.0,MESH6,750150186
2025-04-04,272.0,MESZ5,730283085
2025-04-07,6.0,MESH6,750150186
2025-04-07,363.0,MESZ5,730283085
2025-04-08,0.0,MESH6,750150186
2025-04-08,209.0,MESZ5,730283085
2025-04-09,1.0,MESH6,750150186
2025-04-09,276.0,MESZ5,730283085
2025-04-10,1.0,MESH6,750150186
2025-04-10,115.0,MESZ5,730283085
2025-04-11,0.0,MESH6,750150186
2025-04-11,30.0,MESZ5,730283085
2025-04-14,1.0,MESH6,750150186
2025-04-14,47.0,MESZ5,730283085
2025-04-15,2.0,MESH6,750150186
2025-04-15,38.0,MESZ5,730283085
2025-04-16,2.0,MESH6,750150186
2025-04-16,69.0,MESZ5,730283085
2025-04-17,1.0,MESH6,750150186
2025-04-17,32.0,MESZ5,730283085
2025-04-21,5.0,MESH6,750150186
2025-04-21,88.0,MESZ5,730283085
2025-04-22,3.0,MESH6,750150186
2025-04-22,56.0,MESZ5,730283085
2025-04-23,0.0,MESH6,750150186
2025-04-23,138.0,MESZ5,730283085
2025-04-24,4.0,MESH6,750150186
2025-04-24,83.0,MESZ5,730283085
2025-04-25,0.0,MESH6,750150186
2025-04-25,96.0,MESZ5,730283085
2025-04-28,0.0,MESH6,750150186
2025-04-28,50.0,MESZ5,730283085
2025-04-29,3.0,MESH6,750150186
2025-04-29,49.0,MESZ5,730283085
2025-04-30,1.0,MESH6,750150186
2025-04-30,99.0,MESZ5,730283085
2025-05-01,1.0,MESH6,750150186
2025-05-01,126.0,MESZ5,730283085
2025-05-02,1.0,MESH6,750150186
2025-05-02,152.0,MESZ5,730283085
2025-05-05,0.0,MESH6,750150186
2025-05-05,84.0,MESZ5,730283085
2025-05-06,0.0,MESH6,750150186
2025-05-06,45.0,MESZ5,730283085
2025-05-07,1.0,MESH6,750150186
2025-05-07,54.0,MESZ5,730283085
2025-05-08,1.0,MESH6,750150186
2025-05-08,93.0,MESZ5,730283085
2025-05-09,0.0,MESH6,750150186
2025-05-09,61.0,MESZ5,730283085
2025-05-12,6.0,MESH6,750150186
2025-05-12,215.0,MESZ5,730283085
2025-05-13,2.0,MESH6,750150186
2025-05-13,128.0,MESZ5,730283085
2025-05-14,6.0,MESH6,750150186
2025-05-14,56.0,MESZ5,730283085
2025-05-15,0.0,MESH6,750150186
2025-05-15,72.0,MESZ5,730283085
2025-05-16,2.0,MESH6,750150186
2025-05-16,57.0,MESZ5,730283085
2025-05-19,1.0,MESH6,750150186
2025-05-19,185.0,MESZ5,730283085
2025-05-20,0.0,MESH6,750150186
2025-05-20,68.0,MESZ5,730283085
2025-05-21,1.0,MESH6,750150186
2025-05-21,133.0,MESZ5,730283085
2025-05-22,2.0,MESH6,750150186
2025-05-22,108.0,MESZ5,730283085
2025-05-23,0.0,MESH6,750150186
2025-05-23,162.0,MESZ5,730283085
2025-05-27,5.0,MESH6,750150186
2025-05-27,184.0,MESZ5,730283085
2025-05-28,0.0,MESH6,750150186
2025-05-28,62.0,MESZ5,730283085
2025-05-29,10.0,MESH6,750150186
2025-05-29,187.0,MESZ5,730283085
2025-05-30,0.0,MESH6,750150186
2025-05-30,157.0,MESZ5,730283085
2025-06-02,0.0,MESH6,750150186
2025-06-02,155.0,MESZ5,730283085
2025-06-03,1.0,MESH6,750150186
2025-06-03,93.0,MESZ5,730283085
2025-06-04,2.0,MESH6,750150186
2025-06-04,139.0,MESZ5,730283085
2025-06-05,2.0,MESH6,750150186
2025-06-05,222.0,MESZ5,730283085
2025-06-06,0.0,MESH6,750150186
2025-06-06,209.0,MESZ5,730283085
2025-06-09,7.0,MESH6,750150186
2025-06-09,122.0,MESZ5,730283085
2025-06-10,1.0,MESH6,750150186
2025-06-10,185.0,MESZ5,730283085
2025-06-11,0.0,MESH6,750150186
2025-06-11,176.0,MESZ5,730283085
2025-06-12,0.0,MESH6,750150186
2025-06-12,192.0,MESZ5,730283085
2025-06-13,0.0,MESH6,750150186
2025-06-13,488.0,MESZ5,730283085
2025-06-16,2.0,MESH6,750150186
2025-06-16,378.0,MESZ5,730283085
2025-06-17,1.0,MESH6,750150186
2025-06-17,578.0,MESZ5,730283085
2025-06-18,0.0,MESH6,750150186
2025-06-18,497.0,MESZ5,730283085
2025-06-20,5.0,MESH6,750150186
2025-06-20,1155.0,MESZ5,730283085
2025-06-23,5.0,MESH6,750150186
2025-06-23,0.0,MESM6,770561194
2025-06-23,1596.0,MESZ5,730283085
2025-06-24,16.0,MESH6,750150186
2025-06-24,0.0,MESM6,770561194
2025-06-24,1659.0,MESZ5,730283085
2025-06-25,13.0,MESH6,750150186
2025-06-25,0.0,MESM6,770561194
2025-06-25,1341.0,MESZ5,730283085
2025-06-26,4.0,MESH6,750150186
2025-06-26,0.0,MESM6,770561194
2025-06-26,1987.0,MESZ5,730283085
2025-06-27,23.0,MESH6,750150186
2025-06-27,4.0,MESM6,770561194
2025-06-27,2707.0,MESZ5,730283085
2025-06-30,14.0,MESH6,750150186
2025-06-30,0.0,MESM6,770561194
2025-06-30,1130.0,MESZ5,730283085
2025-07-01,17.0,MESH6,750150186
2025-07-01,0.0,MESM6,770561194
2025-07-01,790.0,MESZ5,730283085
2025-07-02,9.0,MESH6,750150186
2025-07-02,0.0,MESM6,770561194
2025-07-02,856.0,MESZ5,730283085
2025-07-03,13.0,MESH6,750150186
2025-07-03,0.0,MESM6,770561194
2025-07-03,1009.0,MESZ5,730283085
2025-07-07,17.0,MESH6,750150186
2025-07-07,0.0,MESM6,770561194
2025-07-07,1363.0,MESZ5,730283085
2025-07-08,2.0,MESH6,750150186
2025-07-08,0.0,MESM6,770561194
2025-07-08,681.0,MESZ5,730283085
2025-07-09,15.0,MESH6,750150186
2025-07-09,0.0,MESM6,770561194
2025-07-09,1029.0,MESZ5,730283085
2025-07-10,4.0,MESH6,750150186
2025-07-10,0.0,MESM6,770561194
2025-07-10,924.0,MESZ5,730283085
2025-07-11,12.0,MESH6,750150186
2025-07-11,0.0,MESM6,770561194
2025-07-11,990.0,MESZ5,730283085
2025-07-14,3.0,MESH6,750150186
2025-07-14,0.0,MESM6,770561194
2025-07-14,800.0,MESZ5,730283085
2025-07-15,22.0,MESH6,750150186
2025-07-15,0.0,MESM6,770561194
2025-07-15,1157.0,MESZ5,730283085
2025-07-16,17.0,MESH6,750150186
2025-07-16,0.0,MESM6,770561194
2025-07-16,1277.0,MESZ5,730283085
2025-07-17,31.0,MESH6,750150186
2025-07-17,0.0,MESM6,770561194
2025-07-17,890.0,MESZ5,730283085
2025-07-18,17.0,MESH6,750150186
2025-07-18,0.0,MESM6,770561194
2025-07-18,1215.0,MESZ5,730283085
2025-07-21,45.0,MESH6,750150186
2025-07-21,0.0,MESM6,770561194
2025-07-21,1088.0,MESZ5,730283085
2025-07-22,23.0,MESH6,750150186
2025-07-22,0.0,MESM6,770561194
2025-07-22,727.0,MESZ5,730283085
2025-07-23,66.0,MESH6,750150186
2025-07-23,0.0,MESM6,770561194
2025-07-23,1517.0,MESZ5,730283085
2025-07-24,11.0,MESH6,750150186
2025-07-24,0.0,MESM6,770561194
2025-07-24,982.0,MESZ5,730283085
2025-07-25,23.0,MESH6,750150186
2025-07-25,1.0,MESM6,770561194
2025-07-25,898.0,MESZ5,730283085
2025-07-28,21.0,MESH6,750150186
2025-07-28,1.0,MESM6,770561194
2025-07-28,1145.0,MESZ5,730283085
2025-07-29,17.0,MESH6,750150186
2025-07-29,0.0,MESM6,770561194
2025-07-29,1038.0,MESZ5,730283085
2025-07-30,38.0,MESH6,750150186
2025-07-30,2.0,MESM6,770561194
2025-07-30,1202.0,MESZ5,730283085
2025-07-31,49.0,MESH6,750150186
2025-07-31,0.0,MESM6,770561194
2025-07-31,2338.0,MESZ5,730283085
2025-08-01,1544.0,MESH6,750150186
2025-08-01,1.0,MESM6,770561194
2025-08-01,3467.0,MESZ5,730283085
2025-08-04,33.0,MESH6,750150186
2025-08-04,0.0,MESM6,770561194
2025-08-04,2381.0,MESZ5,730283085
2025-08-05,32.0,MESH6,750150186
2025-08-05,0.0,MESM6,770561194
2025-08-05,2066.0,MESZ5,730283085
2025-08-06,12.0,MESH6,750150186
2025-08-06,0.0,MESM6,770561194
2025-08-06,2085.0,MESZ5,730283085
2025-08-07,24.0,MESH6,750150186
2025-08-07,0.0,MESM6,770561194
2025-08-07,2229.0,MESZ5,730283085
2025-08-08,17.0,MESH6,750150186
2025-08-08,0.0,MESM6,770561194
2025-08-08,1725.0,MESZ5,730283085
2025-08-11,8.0,MESH6,750150186
2025-08-11,0.0,MESM6,770561194
2025-08-11,1264.0,MESZ5,730283085
2025-08-12,46.0,MESH6,750150186
2025-08-12,0.0,MESM6,770561194
2025-08-12,2375.0,MESZ5,730283085
2025-08-13,48.0,MESH6,750150186
2025-08-13,0.0,MESM6,770561194
2025-08-13,1807.0,MESZ5,730283085
2025-08-14,27.0,MESH6,750150186
2025-08-14,0.0,MESM6,770561194
2025-08-14,1492.0,MESZ5,730283085
2025-08-15,55.0,MESH6,750150186
2025-08-15,0.0,MESM6,770561194
2025-08-15,1587.0,MESZ5,730283085
2025-08-18,14.0,MESH6,750150186
2025-08-18,0.0,MESM6,770561194
2025-08-18,839.0,MESZ5,730283085
2025-08-19,38.0,MESH6,750150186
2025-08-19,0.0,MESM6,770561194
2025-08-19,1594.0,MESZ5,730283085
2025-08-20,62.0,MESH6,750150186
2025-08-20,0.0,MESM6,770561194
2025-08-20,2913.0,MESZ5,730283085
2025-08-21,25.0,MESH6,750150186
2025-08-21,1.0,MESM6,770561194
2025-08-21,1858.0,MESZ5,730283085
2025-08-22,86.0,MESH6,750150186
2025-08-22,0.0,MESM6,770561194
2025-08-22,3061.0,MESZ5,730283085
2025-08-25,24.0,MESH6,750150186
2025-08-25,0.0,MESM6,770561194
2025-08-25,1430.0,MESZ5,730283085
2025-08-26,37.0,MESH6,750150186
2025-08-26,0.0,MESM6,770561194
2025-08-26,1714.0,MESZ5,730283085
2025-08-27,45.0,MESH6,750150186
2025-08-27,0.0,MESM6,770561194
2025-08-27,2261.0,MESZ5,730283085
2025-08-28,45.0,MESH6,750150186
2025-08-28,0.0,MESM6,770561194
2025-08-28,2513.0,MESZ5,730283085
2025-08-29,32.0,MESH6,750150186
2025-08-29,0.0,MESM6,770561194
2025-08-29,2705.0,MESZ5,730283085
2025-09-02,94.0,MESH6,750150186
2025-09-02,0.0,MESM6,770561194
2025-09-02,5666.0,MESZ5,730283085
2025-09-03,95.0,MESH6,750150186
2025-09-03,0.0,MESM6,770561194
2025-09-03,3116.0,MESZ5,730283085
2025-09-04,81.0,MESH6,750150186
2025-09-04,0.0,MESM6,770561194
2025-09-04,6396.0,MESZ5,730283085
2025-09-05,164.0,MESH6,750150186
2025-09-05,0.0,MESM6,770561194
2025-09-05,5677.0,MESZ5,730283085
2025-09-08,104.0,MESH6,750150186
2025-09-08,0.0,MESM6,770561194
2025-09-08,6565.0,MESZ5,730283085
2025-09-09,56.0,MESH6,750150186
2025-09-09,0.0,MESM6,770561194
2025-09-09,7863.0,MESZ5,730283085
2025-09-10,114.0,MESH6,750150186
2025-09-10,0.0,MESM6,770561194
2025-09-10,13993.0,MESZ5,730283085
2025-09-11,170.0,MESH6,750150186
2025-09-11,1.0,MESM6,770561194
2025-09-11,24514.0,MESZ5,730283085
2025-09-12,129.0,MESH6,750150186
2025-09-12,0.0,MESM6,770561194
2025-09-12,34717.0,MESZ5,730283085
2025-09-15,187.0,MESH6,750150186
2025-09-15,0.0,MESM6,770561194
2025-09-15,524112.0,MESZ5,730283085
2025-09-16,214.0,MESH6,750150186
2025-09-16,0.0,MESM6,770561194
2025-09-16,649521.0,MESZ5,730283085
2025-09-17,592.0,MESH6,750150186
2025-09-17,3.0,MESM6,770561194
2025-09-17,1099108.0,MESZ5,730283085
2025-09-18,560.0,MESH6,750150186
2025-09-18,0.0,MESM6,770561194
2025-09-18,1135459.0,MESZ5,730283085
2025-09-19,661.0,MESH6,750150186
2025-09-19,0.0,MESM6,770561194
2025-09-19,0.0,MESU6,793356217
2025-09-19,783454.0,MESZ5,730283085
2025-09-22,1156.0,MESH6,750150186
2025-09-22,9.0,MESM6,770561194
2025-09-22,0.0,MESU6,793356217
2025-09-22,751771.0,MESZ5,730283085
2025-09-23,822.0,MESH6,750150186
2025-09-23,14.0,MESM6,770561194
2025-09-23,0.0,MESU6,793356217
2025-09-23,947327.0,MESZ5,730283085
2025-09-24,1164.0,MESH6,750150186
2025-09-24,17.0,MESM6,770561194
2025-09-24,0.0,MESU6,793356217
2025-09-24,950584.0,MESZ5,730283085
2025-09-25,1374.0,MESH6,750150186
2025-09-25,24.0,MESM6,770561194
2025-09-25,0.0,MESU6,793356217
2025-09-25,1283440.0,MESZ5,730283085
2025-09-26,1529.0,MESH6,750150186
2025-09-26,13.0,MESM6,770561194
2025-09-26,0.0,MESU6,793356217
2025-09-26,1080271.0,MESZ5,730283085
2025-09-29,1222.0,MESH6,750150186
2025-09-29,14.0,MESM6,770561194
2025-09-29,0.0,MESU6,793356217
2025-09-29,944805.0,MESZ5,730283085
2025-09-30,1051.0,MESH6,750150186
2025-09-30,3.0,MESM6,770561194
2025-09-30,0.0,MESU6,793356217
2025-09-30,1033116.0,MESZ5,730283085
2025-10-01,1401.0,MESH6,750150186
2025-10-01,9.0,MESM6,770561194
2025-10-01,0.0,MESU6,793356217
2025-10-01,913610.0,MESZ5,730283085
2025-10-02,978.0,MESH6,750150186
2025-10-02,20.0,MESM6,770561194
2025-10-02,4.0,MESU6,793356217
2025-10-02,876113.0,MESZ5,730283085
2025-10-03,1575.0,MESH6,750150186
2025-10-03,4.0,MESM6,770561194
2025-10-03,0.0,MESU6,793356217
2025-10-03,1011882.0,MESZ5,730283085
2025-10-06,1171.0,MESH6,750150186
2025-10-06,18.0,MESM6,770561194
2025-10-06,0.0,MESU6,793356217
2025-10-06,815303.0,MESZ5,730283085
2025-10-06,1.0,MESZ6,815824257
2025-10-07,1757.0,MESH6,750150186
2025-10-07,16.0,MESM6,770561194
2025-10-07,0.0,MESU6,793356217
2025-10-07,1142059.0,MESZ5,730283085
2025-10-07,0.0,MESZ6,815824257
2025-10-08,887.0,MESH6,750150186
2025-10-08,26.0,MESM6,770561194
2025-10-08,0.0,MESU6,793356217
2025-10-08,751288.0,MESZ5,730283085
2025-10-08,0.0,MESZ6,815824257
2025-10-09,1373.0,MESH6,750150186
2025-10-09,15.0,MESM6,770561194
2025-10-09,0.0,MESU6,793356217
2025-10-09,988512.0,MESZ5,730283085
2025-10-09,0.0,MESZ6,815824257
2025-10-10,3411.0,MESH6,750150186
2025-10-10,63.0,MESM6,770561194
2025-10-10,0.0,MESU6,793356217
2025-10-10,1877286.0,MESZ5,730283085
2025-10-10,0.0,MESZ6,815824257
2025-10-13,3439.0,MESH6,750150186
2025-10-13,48.0,MESM6,770561194
2025-10-13,0.0,MESU6,793356217
2025-10-13,1380505.0,MESZ5,730283085
2025-10-13,1.0,MESZ6,815824257
2025-10-14,2385.0,MESH6,750150186
2025-10-14,56.0,MESM6,770561194
2025-10-14,0.0,MESU6,793356217
2025-10-14,1679288.0,MESZ5,730283085
2025-10-14,1.0,MESZ6,815824257
2025-10-15,1922.0,MESH6,750150186
2025-10-15,56.0,MESM6,770561194
2025-10-15,0.0,MESU6,793356217
2025-10-15,1669106.0,MESZ5,730283085
2025-10-15,0.0,MESZ6,815824257
2025-10-16,2166.0,MESH6,750150186
2025-10-16,81.0,MESM6,770561194
2025-10-16,0.0,MESU6,793356217
2025-10-16,2010086.0,MESZ5,730283085
2025-10-16,0.0,MESZ6,815824257
2025-10-17,2648.0,MESH6,750150186
2025-10-17,66.0,MESM6,770561194
2025-10-17,0.0,MESU6,793356217
2025-10-17,1917792.0,MESZ5,730283085
2025-10-17,0.0,MESZ6,815824257
2025-10-20,1117.0,MESH6,750150186
2025-10-20,49.0,MESM6,770561194
2025-10-20,0.0,MESU6,793356217
2025-10-20,899282.0,MESZ5,730283085
2025-10-20,0.0,MESZ6,815824257
2025-10-21,979.0,MESH6,750150186
2025-10-21,3.0,MESM6,770561194
2025-10-21,0.0,MESU6,793356217
2025-10-21,991263.0,MESZ5,730283085
2025-10-21,1.0,MESZ6,815824257
2025-10-22,4815.0,MESH6,750150186
2025-10-22,70.0,MESM6,770561194
2025-10-22,0.0,MESU6,793356217
2025-10-22,1562324.0,MESZ5,730283085
2025-10-22,0.0,MESZ6,815824257
2025-10-23,1376.0,MESH6,750150186
2025-10-23,42.0,MESM6,770561194
2025-10-23,0.0,MESU6,793356217
2025-10-23,1053099.0,MESZ5,730283085
2025-10-23,0.0,MESZ6,815824257
2025-10-24,1531.0,MESH6,750150186
2025-10-24,51.0,MESM6,770561194
2025-10-24,0.0,MESU6,793356217
2025-10-24,809878.0,MESZ5,730283085
2025-10-24,1.0,MESZ6,815824257
2025-10-27,1130.0,MESH6,750150186
2025-10-27,37.0,MESM6,770561194
2025-10-27,0.0,MESU6,793356217
2025-10-27,678397.0,MESZ5,730283085
2025-10-27,0.0,MESZ6,815824257
2025-10-28,1354.0,MESH6,750150186
2025-10-28,131.0,MESM6,770561194
2025-10-28,0.0,MESU6,793356217
2025-10-28,771705.0,MESZ5,730283085
2025-10-28,0.0,MESZ6,815824257
2025-10-29,2026.0,MESH6,750150186
2025-10-29,59.0,MESM6,770561194
2025-10-29,0.0,MESU6,793356217
2025-10-29,936383.0,MESZ5,730283085
2025-10-29,0.0,MESZ6,815824257
2025-10-30,1844.0,MESH6,750150186
2025-10-30,45.0,MESM6,770561194
2025-10-30,0.0,MESU6,793356217
2025-10-30,1346344.0,MESZ5,730283085
2025-10-30,0.0,MESZ6,815824257
2025-10-31,1750.0,MESH6,750150186
2025-10-31,44.0,MESM6,770561194
2025-10-31,0.0,MESU6,793356217
2025-10-31,1189578.0,MESZ5,730283085
2025-10-31,0.0,MESZ6,815824257
2025-11-03,1430.0,MESH6,750150186
2025-11-03,46.0,MESM6,770561194
2025-11-03,0.0,MESU6,793356217
2025-11-03,947175.0,MESZ5,730283085
2025-11-03,0.0,MESZ6,815824257
2025-11-04,1936.0,MESH6,750150186
2025-11-04,179.0,MESM6,770561194
2025-11-04,2.0,MESU6,793356217
2025-11-04,1383951.0,MESZ5,730283085
2025-11-04,0.0,MESZ6,815824257
2025-11-05,1709.0,MESH6,750150186
2025-11-05,91.0,MESM6,770561194
2025-11-05,0.0,MESU6,793356217
2025-11-05,1145793.0,MESZ5,730283085
2025-11-05,3.0,MESZ6,815824257
2025-11-06,2328.0,MESH6,750150186
2025-11-06,90.0,MESM6,770561194
2025-11-06,0.0,MESU6,793356217
2025-11-06,1717347.0,MESZ5,730283085
2025-11-06,0.0,MESZ6,815824257
2025-11-07,3304.0,MESH6,750150186
2025-11-07,163.0,MESM6,770561194
2025-11-07,1.0,MESU6,793356217
2025-11-07,2002306.0,MESZ5,730283085
2025-11-07,0.0,MESZ6,815824257
2025-11-10,2123.0,MESH6,750150186
2025-11-10,145.0,MESM6,770561194
2025-11-10,26.0,MESU6,793356217
2025-11-10,1219998.0,MESZ5,730283085
2025-11-10,0.0,MESZ6,815824257
2025-11-11,1546.0,MESH6,750150186
2025-11-11,72.0,MESM6,770561194
2025-11-11,0.0,MESU6,793356217
2025-11-11,1034338.0,MESZ5,730283085
2025-11-11,0.0,MESZ6,815824257
2025-11-12,1664.0,MESH6,750150186
2025-11-12,47.0,MESM6,770561194
2025-11-12,0.0,MESU6,793356217
2025-11-12,1119887.0,MESZ5,730283085
2025-11-12,0.0,MESZ6,815824257
2025-11-13,3022.0,MESH6,750150186
2025-11-13,116.0,MESM6,770561194
2025-11-13,0.0,MESU6,793356217
2025-11-13,1929366.0,MESZ5,730283085
2025-11-13,0.0,MESZ6,815824257
2025-11-14,3633.0,MESH6,750150186
2025-11-14,129.0,MESM6,770561194
2025-11-14,0.0,MESU6,793356217
2025-11-14,2151593.0,MESZ5,730283085
2025-11-14,1.0,MESZ6,815824257
2025-11-17,3253.0,MESH6,750150186
2025-11-17,84.0,MESM6,770561194
2025-11-17,5.0,MESU6,793356217
2025-11-17,1818753.0,MESZ5,730283085
2025-11-17,1.0,MESZ6,815824257
2025-11-18,5926.0,MESH6,750150186
2025-11-18,280.0,MESM6,770561194
2025-11-18,4.0,MESU6,793356217
2025-11-18,2308238.0,MESZ5,730283085
2025-11-18,1.0,MESZ6,815824257
2025-11-19,3745.0,MESH6,750150186
2025-11-19,250.0,MESM6,770561194
2025-11-19,0.0,MESU6,793356217
2025-11-19,1886030.0,MESZ5,730283085
2025-11-19,2.0,MESZ6,815824257
2025-11-20,7630.0,MESH6,750150186
2025-11-20,304.0,MESM6,770561194
2025-11-20,5.0,MESU6,793356217
2025-11-20,2529727.0,MESZ5,730283085
2025-11-20,1.0,MESZ6,815824257
2025-11-21,6402.0,MESH6,750150186
2025-11-21,208.0,MESM6,770561194
2025-11-21,1.0,MESU6,793356217
2025-11-21,2342930.0,MESZ5,730283085
2025-11-21,1.0,MESZ6,815824257
2025-11-24,3645.0,MESH6,750150186
2025-11-24,71.0,MESM6,770561194
2025-11-24,21.0,MESU6,793356217
2025-11-24,1455835.0,MESZ5,730283085
2025-11-24,0.0,MESZ6,815824257
2025-11-25,3764.0,MESH6,750150186
2025-11-25,151.0,MESM6,770561194
2025-11-25,0.0,MESU6,793356217
2025-11-25,1459295.0,MESZ5,730283085
2025-11-25,0.0,MESZ6,815824257
2025-11-26,4091.0,MESH6,750150186
2025-11-26,97.0,MESM6,770561194
2025-11-26,0.0,MESU6,793356217
2025-11-26,1144358.0,MESZ5,730283085
2025-11-26,0.0,MESZ6,815824257
2025-11-28,2306.0,MESH6,750150186
2025-11-28,71.0,MESM6,770561194
2025-11-28,0.0,MESU6,793356217
2025-11-28,311384.0,MESZ5,730283085
2025-11-28,0.0,MESZ6,815824257
2025-12-01,4769.0,MESH6,750150186
2025-12-01,108.0,MESM6,770561194
2025-12-01,1.0,MESU6,793356217
2025-12-01,1261280.0,MESZ5,730283085
2025-12-01,0.0,MESZ6,815824257
2025-12-02,4551.0,MESH6,750150186
2025-12-02,69.0,MESM6,770561194
2025-12-02,0.0,MESU6,793356217
2025-12-02,1259342.0,MESZ5,730283085
2025-12-02,0.0,MESZ6,815824257
2025-12-03,5002.0,MESH6,750150186
2025-12-03,104.0,MESM6,770561194
2025-12-03,0.0,MESU6,793356217
2025-12-03,1112769.0,MESZ5,730283085
2025-12-03,0.0,MESZ6,815824257
2025-12-04,4004.0,MESH6,750150186
2025-12-04,87.0,MESM6,770561194
2025-12-04,0.0,MESU6,793356217
2025-12-04,1152061.0,MESZ5,730283085
2025-12-04,2.0,MESZ6,815824257
2025-12-05,5060.0,MESH6,750150186
2025-12-05,120.0,MESM6,770561194
2025-12-05,1.0,MESU6,793356217
2025-12-05,1162274.0,MESZ5,730283085
2025-12-05,0.0,MESZ6,815824257
2025-12-08,5328.0,MESH6,750150186
2025-12-08,122.0,MESM6,770561194
2025-12-08,0.0,MESU6,793356217
2025-12-08,885755.0,MESZ5,730283085
2025-12-08,16.0,MESZ6,815824257
2025-12-09,6089.0,MESH6,750150186
2025-12-09,119.0,MESM6,770561194
2025-12-09,0.0,MESU6,793356217
2025-12-09,918506.0,MESZ5,730283085
2025-12-09,0.0,MESZ6,815824257
2025-12-10,14863.0,MESH6,750150186
2025-12-10,170.0,MESM6,770561194
2025-12-10,0.0,MESU6,793356217
2025-12-10,1232206.0,MESZ5,730283085
2025-12-10,0.0,MESZ6,815824257
2025-12-11,41480.0,MESH6,750150186
2025-12-11,377.0,MESM6,770561194
2025-12-11,0.0,MESU6,793356217
2025-12-11,1366897.0,MESZ5,730283085
2025-12-11,0.0,MESZ6,815824257
2025-12-12,81283.0,MESH6,750150186
2025-12-12,241.0,MESM6,770561194
2025-12-12,0.0,MESU6,793356217
2025-12-12,1732373.0,MESZ5,730283085
2025-12-12,0.0,MESZ6,815824257
2025-12-15,942680.0,MESH6,750150186
2025-12-15,329.0,MESM6,770561194
2025-12-15,0.0,MESU6,793356217
2025-12-15,521125.0,MESZ5,730283085
2025-12-15,1.0,MESZ6,815824257
2025-12-16,1493082.0,MESH6,750150186
2025-12-16,722.0,MESM6,770561194
2025-12-16,0.0,MESU6,793356217
2025-12-16,345732.0,MESZ5,730283085
2025-12-16,0.0,MESZ6,815824257
2025-12-17,1394110.0,MESH6,750150186
2025-12-17,841.0,MESM6,770561194
2025-12-17,0.0,MESU6,793356217
2025-12-17,234137.0,MESZ5,730283085
2025-12-17,1.0,MESZ6,815824257
2025-12-18,1629710.0,MESH6,750150186
2025-12-18,826.0,MESM6,770561194
2025-12-18,0.0,MESU6,793356217
2025-12-18,223848.0,MESZ5,730283085
2025-12-18,1.0,MESZ6,815824257
2025-12-19,872925.0,MESH6,750150186
2025-12-19,814.0,MESM6,770561194
2025-12-19,1.0,MESU6,793356217
2025-12-19,10789.0,MESZ5,730283085
2025-12-19,1.0,MESZ6,815824257
2025-12-22,749744.0,MESH6,750150186
2025-12-22,525.0,MESM6,770561194
2025-12-22,12.0,MESU6,793356217
2025-12-22,2.0,MESZ6,815824257
2025-12-23,624128.0,MESH6,750150186
2025-12-23,791.0,MESM6,770561194
2025-12-23,20.0,MESU6,793356217
2025-12-23,6.0,MESZ6,815824257
2025-12-24,295130.0,MESH6,750150186
2025-12-24,444.0,MESM6,770561194
2025-12-24,2.0,MESU6,793356217
2025-12-24,1.0,MESZ6,815824257
2025-12-26,520055.0,MESH6,750150186
2025-12-26,373.0,MESM6,770561194
2025-12-26,3.0,MESU6,793356217
2025-12-26,0.0,MESZ6,815824257
2025-12-29,751157.0,MESH6,750150186
2025-12-29,715.0,MESM6,770561194
2025-12-29,6.0,MESU6,793356217
2025-12-29,2.0,MESZ6,815824257
2025-12-30,556358.0,MESH6,750150186
2025-12-30,571.0,MESM6,770561194
2025-12-30,16.0,MESU6,793356217
2025-12-30,0.0,MESZ6,815824257
2025-12-31,721772.0,MESH6,750150186
2025-12-31,898.0,MESM6,770561194
2025-12-31,22.0,MESU6,793356217
2025-12-31,0.0,MESZ6,815824257
2026-01-02,1276486.0,MESH6,750150186
2026-01-02,1223.0,MESM6,770561194
2026-01-02,41.0,MESU6,793356217
2026-01-02,0.0,MESZ6,815824257
2026-01-05,912378.0,MESH6,750150186
2026-01-05,1187.0,MESM6,770561194
2026-01-05,14.0,MESU6,793356217
2026-01-05,0.0,MESZ6,815824257
2026-01-06,774033.0,MESH6,750150186
2026-01-06,867.0,MESM6,770561194
2026-01-06,25.0,MESU6,793356217
2026-01-06,0.0,MESZ6,815824257
2026-01-07,947525.0,MESH6,750150186
2026-01-07,881.0,MESM6,770561194
2026-01-07,41.0,MESU6,793356217
2026-01-07,2.0,MESZ6,815824257
2026-01-08,1128312.0,MESH6,750150186
2026-01-08,1148.0,MESM6,770561194
2026-01-08,7.0,MESU6,793356217
2026-01-08,0.0,MESZ6,815824257
2026-01-09,1020019.0,MESH6,750150186
2026-01-09,1418.0,MESM6,770561194
2026-01-09,34.0,MESU6,793356217
2026-01-09,0.0,MESZ6,815824257
2026-01-12,832495.0,MESH6,750150186
2026-01-12,1187.0,MESM6,770561194
2026-01-12,43.0,MESU6,793356217
2026-01-12,0.0,MESZ6,815824257
2026-01-13,1147262.0,MESH6,750150186
2026-01-13,1406.0,MESM6,770561194
2026-01-13,58.0,MESU6,793356217
2026-01-13,0.0,MESZ6,815824257
2026-01-14,1401606.0,MESH6,750150186
2026-01-14,1892.0,MESM6,770561194
2026-01-14,41.0,MESU6,793356217
2026-01-14,0.0,MESZ6,815824257
2026-01-15,1121018.0,MESH6,750150186
2026-01-15,1416.0,MESM6,770561194
2026-01-15,58.0,MESU6,793356217
2026-01-15,0.0,MESZ6,815824257
2026-01-16,1147425.0,MESH6,750150186
2026-01-16,1371.0,MESM6,770561194
2026-01-16,21.0,MESU6,793356217
2026-01-16,0.0,MESZ6,815824257
2026-01-20,1808983.0,MESH6,750150186
2026-01-20,3807.0,MESM6,770561194
2026-01-20,65.0,MESU6,793356217
2026-01-20,1.0,MESZ6,815824257
2026-01-21,1745966.0,MESH6,750150186
2026-01-21,2975.0,MESM6,770561194
2026-01-21,32.0,MESU6,793356217
2026-01-21,3.0,MESZ6,815824257
2026-01-22,1061252.0,MESH6,750150186
2026-01-22,1640.0,MESM6,770561194
2026-01-22,54.0,MESU6,793356217
2026-01-22,0.0,MESZ6,815824257
2026-01-23,994823.0,MESH6,750150186
2026-01-23,1315.0,MESM6,770561194
2026-01-23,28.0,MESU6,793356217
2026-01-23,1.0,MESZ6,815824257
2026-01-26,848007.0,MESH6,750150186
2026-01-26,1601.0,MESM6,770561194
2026-01-26,29.0,MESU6,793356217
2026-01-26,3.0,MESZ6,815824257
2026-01-27,676194.0,MESH6,750150186
2026-01-27,1133.0,MESM6,770561194
2026-01-27,27.0,MESU6,793356217
2026-01-27,0.0,MESZ6,815824257
2026-01-28,847025.0,MESH6,750150186
2026-01-28,1990.0,MESM6,770561194
2026-01-28,50.0,MESU6,793356217
2026-01-28,5.0,MESZ6,815824257
2026-01-29,1384238.0,MESH6,750150186
2026-01-29,2427.0,MESM6,770561194
2026-01-29,46.0,MESU6,793356217
2026-01-29,0.0,MESZ6,815824257
2026-01-30,1330553.0,MESH6,750150186
2026-01-30,2357.0,MESM6,770561194
2026-01-30,34.0,MESU6,793356217
2026-01-30,6.0,MESZ6,815824257
2026-02-02,1113906.0,MESH6,750150186
2026-02-02,2355.0,MESM6,770561194
2026-02-02,59.0,MESU6,793356217
2026-02-02,1.0,MESZ6,815824257
2026-02-03,1453185.0,MESH6,750150186
2026-02-03,2345.0,MESM6,770561194
2026-02-03,40.0,MESU6,793356217
2026-02-03,0.0,MESZ6,815824257
2026-02-04,1545020.0,MESH6,750150186
2026-02-04,2236.0,MESM6,770561194
2026-02-04,56.0,MESU6,793356217
2026-02-04,0.0,MESZ6,815824257
2026-02-05,1446485.0,MESH6,750150186
2026-02-05,2906.0,MESM6,770561194
2026-02-05,38.0,MESU6,793356217
2026-02-05,0.0,MESZ6,815824257
2026-02-06,1114074.0,MESH6,750150186
2026-02-06,3209.0,MESM6,770561194
2026-02-06,61.0,MESU6,793356217
2026-02-06,1.0,MESZ6,815824257
2026-02-09,918074.0,MESH6,750150186
2026-02-09,2184.0,MESM6,770561194
2026-02-09,45.0,MESU6,793356217
2026-02-09,0.0,MESZ6,815824257
2026-02-10,1064283.0,MESH6,750150186
2026-02-10,1415.0,MESM6,770561194
2026-02-10,29.0,MESU6,793356217
2026-02-10,1.0,MESZ6,815824257
2026-02-11,1328636.0,MESH6,750150186
2026-02-11,2358.0,MESM6,770561194
2026-02-11,62.0,MESU6,793356217
2026-02-11,0.0,MESZ6,815824257
2026-02-12,1602204.0,MESH6,750150186
2026-02-12,2701.0,MESM6,770561194
2026-02-12,88.0,MESU6,793356217
2026-02-12,0.0,MESZ6,815824257
2026-02-13,1512616.0,MESH6,750150186
2026-02-13,3485.0,MESM6,770561194
2026-02-13,124.0,MESU6,793356217
2026-02-13,0.0,MESZ6,815824257
2026-02-17,2085011.0,MESH6,750150186
2026-02-17,4506.0,MESM6,770561194
2026-02-17,82.0,MESU6,793356217
2026-02-17,4.0,MESZ6,815824257
2026-02-18,1199587.0,MESH6,750150186
2026-02-18,3107.0,MESM6,770561194
2026-02-18,36.0,MESU6,793356217
2026-02-18,0.0,MESZ6,815824257
2026-02-19,1379090.0,MESH6,750150186
2026-02-19,2496.0,MESM6,770561194
2026-02-19,23.0,MESU6,793356217
2026-02-19,0.0,MESZ6,815824257
2026-02-20,1740116.0,MESH6,750150186
2026-02-20,4570.0,MESM6,770561194
2026-02-20,116.0,MESU6,793356217
2026-02-20,4.0,MESZ6,815824257
2026-02-23,1721095.0,MESH6,750150186
2026-02-23,4379.0,MESM6,770561194
2026-02-23,63.0,MESU6,793356217
2026-02-23,3.0,MESZ6,815824257
2026-02-24,1437970.0,MESH6,750150186
2026-02-24,3251.0,MESM6,770561194
2026-02-24,36.0,MESU6,793356217
2026-02-24,0.0,MESZ6,815824257
2026-02-25,1103890.0,MESH6,750150186
2026-02-25,3655.0,MESM6,770561194
2026-02-25,78.0,MESU6,793356217
2026-02-25,5.0,MESZ6,815824257
2026-02-26,1837601.0,MESH6,750150186
2026-02-26,5203.0,MESM6,770561194
2026-02-26,63.0,MESU6,793356217
2026-02-26,7.0,MESZ6,815824257
2026-02-27,1859128.0,MESH6,750150186
2026-02-27,4547.0,MESM6,770561194
2026-02-27,52.0,MESU6,793356217
2026-02-27,1.0,MESZ6,815824257
2026-03-02,1838254.0,MESH6,750150186
2026-03-02,8470.0,MESM6,770561194
2026-03-02,135.0,MESU6,793356217
2026-03-02,3.0,MESZ6,815824257
2026-03-03,2351697.0,MESH6,750150186
2026-03-03,12968.0,MESM6,770561194
2026-03-03,231.0,MESU6,793356217
2026-03-03,3.0,MESZ6,815824257
2026-03-04,1733689.0,MESH6,750150186
2026-03-04,8870.0,MESM6,770561194
2026-03-04,90.0,MESU6,793356217
2026-03-04,0.0,MESZ6,815824257
2026-03-05,2348781.0,MESH6,750150186
2026-03-05,11259.0,MESM6,770561194
2026-03-05,76.0,MESU6,793356217
2026-03-05,1.0,MESZ6,815824257
2026-03-06,2270571.0,MESH6,750150186
2026-03-06,10989.0,MESM6,770561194
2026-03-06,175.0,MESU6,793356217
2026-03-06,7.0,MESZ6,815824257
2026-03-09,2295540.0,MESH6,750150186
2026-03-09,23355.0,MESM6,770561194
2026-03-09,238.0,MESU6,793356217
2026-03-09,8.0,MESZ6,815824257
2026-03-10,2313906.0,MESH6,750150186
2026-03-10,15071.0,MESM6,770561194
2026-03-10,145.0,MESU6,793356217
2026-03-10,6.0,MESZ6,815824257
2026-03-11,1884893.0,MESH6,750150186
2026-03-11,12468.0,MESM6,770561194
2026-03-11,121.0,MESU6,793356217
2026-03-11,0.0,MESZ6,815824257
2026-03-12,2301518.0,MESH6,750150186
2026-03-12,49044.0,MESM6,770561194
2026-03-12,204.0,MESU6,793356217
2026-03-12,2.0,MESZ6,815824257
2026-03-13,2339574.0,MESH6,750150186
2026-03-13,95311.0,MESM6,770561194
2026-03-13,192.0,MESU6,793356217
2026-03-13,2.0,MESZ6,815824257
2026-03-16,978032.0,MESH6,750150186
2026-03-16,1134622.0,MESM6,770561194
2026-03-16,576.0,MESU6,793356217
2026-03-16,10.0,MESZ6,815824257
2026-03-17,276554.0,MESH6,750150186
2026-03-17,1223200.0,MESM6,770561194
2026-03-17,551.0,MESU6,793356217
2026-03-17,2.0,MESZ6,815824257
2026-03-18,233071.0,MESH6,750150186
2026-03-18,1748820.0,MESM6,770561194
2026-03-18,1546.0,MESU6,793356217
2026-03-18,2.0,MESZ6,815824257
2026-03-19,266046.0,MESH6,750150186
2026-03-19,2152941.0,MESM6,770561194
2026-03-19,1540.0,MESU6,793356217
2026-03-19,22.0,MESZ6,815824257
2026-03-20,23283.0,MESH6,750150186
2026-03-20,1884504.0,MESM6,770561194
2026-03-20,2184.0,MESU6,793356217
2026-03-20,29.0,MESZ6,815824257
2026-03-23,2092716.0,MESM6,770561194
2026-03-23,5699.0,MESU6,793356217
2026-03-23,36.0,MESZ6,815824257
2026-03-24,1878836.0,MESM6,770561194
2026-03-24,2673.0,MESU6,793356217
2026-03-24,16.0,MESZ6,815824257
2026-03-25,1452940.0,MESM6,770561194
2026-03-25,2212.0,MESU6,793356217
2026-03-25,2.0,MESZ6,815824257
2026-03-26,1499995.0,MESM6,770561194
2026-03-26,2891.0,MESU6,793356217
2026-03-26,5.0,MESZ6,815824257
2026-03-27,1327371.0,MESM6,770561194
2026-03-27,2843.0,MESU6,793356217
2026-03-27,19.0,MESZ6,815824257
2026-03-30,1465634.0,MESM6,770561194
2026-03-30,3541.0,MESU6,793356217
2026-03-30,28.0,MESZ6,815824257
2026-03-31,1700522.0,MESM6,770561194
2026-03-31,3565.0,MESU6,793356217
2026-03-31,17.0,MESZ6,815824257
2026-04-01,1316223.0,MESM6,770561194
2026-04-01,2313.0,MESU6,793356217
2026-04-01,22.0,MESZ6,815824257
2026-04-02,1607235.0,MESM6,770561194
2026-04-02,2837.0,MESU6,793356217
2026-04-02,6.0,MESZ6,815824257
2026-04-03,104843.0,MESM6,770561194
2026-04-03,404.0,MESU6,793356217
2026-04-03,1.0,MESZ6,815824257
2026-04-06,1270553.0,MESM6,770561194
2026-04-06,1942.0,MESU6,793356217
2026-04-06,28.0,MESZ6,815824257
2026-04-07,1872751.0,MESM6,770561194
2026-04-07,2383.0,MESU6,793356217
2026-04-07,14.0,MESZ6,815824257
2026-04-08,1562687.0,MESM6,770561194
2026-04-08,3302.0,MESU6,793356217
2026-04-08,27.0,MESZ6,815824257
2026-04-09,1360183.0,MESM6,770561194
2026-04-09,1482.0,MESU6,793356217
2026-04-09,13.0,MESZ6,815824257
2026-04-10,1161588.0,MESM6,770561194
2026-04-10,1250.0,MESU6,793356217
2026-04-10,28.0,MESZ6,815824257
2026-04-13,1296580.0,MESM6,770561194
2026-04-13,2408.0,MESU6,793356217
2026-04-13,18.0,MESZ6,815824257
2026-04-14,990718.0,MESM6,770561194
2026-04-14,2113.0,MESU6,793356217
2026-04-14,41.0,MESZ6,815824257
2026-04-15,1096926.0,MESM6,770561194
2026-04-15,2023.0,MESU6,793356217
2026-04-15,29.0,MESZ6,815824257
2026-04-16,1197151.0,MESM6,770561194
2026-04-16,1898.0,MESU6,793356217
2026-04-16,35.0,MESZ6,815824257
2026-04-17,1326745.0,MESM6,770561194
2026-04-17,2525.0,MESU6,793356217
2026-04-17,60.0,MESZ6,815824257
2026-04-20,1167284.0,MESM6,770561194
2026-04-20,2001.0,MESU6,793356217
2026-04-20,35.0,MESZ6,815824257
2026-04-21,1599321.0,MESM6,770561194
2026-04-21,1874.0,MESU6,793356217
2026-04-21,77.0,MESZ6,815824257
2026-04-22,1053957.0,MESM6,770561194
2026-04-22,1480.0,MESU6,793356217
2026-04-22,36.0,MESZ6,815824257
2026-04-23,1810922.0,MESM6,770561194
2026-04-23,2208.0,MESU6,793356217
2026-04-23,57.0,MESZ6,815824257
2026-04-24,1198621.0,MESM6,770561194
2026-04-24,1872.0,MESU6,793356217
2026-04-24,80.0,MESZ6,815824257
2026-04-27,908498.0,MESM6,770561194
2026-04-27,1716.0,MESU6,793356217
2026-04-27,35.0,MESZ6,815824257
2026-04-28,1218163.0,MESM6,770561194
2026-04-28,1678.0,MESU6,793356217
2026-04-28,127.0,MESZ6,815824257
2026-04-29,1093305.0,MESM6,770561194
2026-04-29,1973.0,MESU6,793356217
2026-04-29,17.0,MESZ6,815824257
2026-04-30,1401918.0,MESM6,770561194
2026-04-30,2760.0,MESU6,793356217
2026-04-30,64.0,MESZ6,815824257
2026-05-01,1095941.0,MESM6,770561194
2026-05-01,2635.0,MESU6,793356217
2026-05-01,72.0,MESZ6,815824257
2026-05-04,1403966.0,MESM6,770561194
2026-05-04,2951.0,MESU6,793356217
2026-05-04,26.0,MESZ6,815824257
2026-05-05,793324.0,MESM6,770561194
2026-05-05,2233.0,MESU6,793356217
2026-05-05,45.0,MESZ6,815824257
2026-05-06,1157319.0,MESM6,770561194
2026-05-06,3981.0,MESU6,793356217
2026-05-06,83.0,MESZ6,815824257
2026-05-07,1449756.0,MESM6,770561194
2026-05-07,2706.0,MESU6,793356217
2026-05-07,59.0,MESZ6,815824257
2026-05-08,1007870.0,MESM6,770561194
2026-05-08,2371.0,MESU6,793356217
2026-05-08,108.0,MESZ6,815824257
2026-05-11,999900.0,MESM6,770561194
2026-05-11,2197.0,MESU6,793356217
2026-05-11,51.0,MESZ6,815824257
2026-05-12,1407243.0,MESM6,770561194
2026-05-12,2430.0,MESU6,793356217
2026-05-12,71.0,MESZ6,815824257
2026-05-13,1084525.0,MESM6,770561194
2026-05-13,2718.0,MESU6,793356217
2026-05-13,61.0,MESZ6,815824257
2026-05-14,1148068.0,MESM6,770561194
2026-05-14,3212.0,MESU6,793356217
2026-05-14,65.0,MESZ6,815824257
2026-05-15,1612252.0,MESM6,770561194
2026-05-15,3498.0,MESU6,793356217
2026-05-15,135.0,MESZ6,815824257
2026-05-18,1904584.0,MESM6,770561194
2026-05-18,3999.0,MESU6,793356217
2026-05-18,37.0,MESZ6,815824257
2026-05-19,1638003.0,MESM6,770561194
2026-05-19,3263.0,MESU6,793356217
2026-05-19,34.0,MESZ6,815824257
2026-05-20,1470963.0,MESM6,770561194
2026-05-20,3697.0,MESU6,793356217
2026-05-20,31.0,MESZ6,815824257
2026-05-21,1625141.0,MESM6,770561194
2026-05-21,3830.0,MESU6,793356217
2026-05-21,54.0,MESZ6,815824257
2026-05-22,1150840.0,MESM6,770561194
2026-05-22,4697.0,MESU6,793356217
2026-05-22,48.0,MESZ6,815824257
2026-05-26,1238442.0,MESM6,770561194
2026-05-26,6125.0,MESU6,793356217
2026-05-26,136.0,MESZ6,815824257
2026-05-27,1140844.0,MESM6,770561194
2026-05-27,3270.0,MESU6,793356217
2026-05-27,45.0,MESZ6,815824257
2026-05-28,1025444.0,MESM6,770561194
2026-05-28,4032.0,MESU6,793356217
2026-05-28,74.0,MESZ6,815824257
2026-05-29,1188979.0,MESM6,770561194
2026-05-29,3911.0,MESU6,793356217
2026-05-29,64.0,MESZ6,815824257
2026-06-01,1167152.0,MESM6,770561194
2026-06-01,4439.0,MESU6,793356217
2026-06-01,74.0,MESZ6,815824257
2026-06-02,849597.0,MESM6,770561194
2026-06-02,4154.0,MESU6,793356217
2026-06-02,57.0,MESZ6,815824257
2026-06-03,1136216.0,MESM6,770561194
2026-06-03,5001.0,MESU6,793356217
2026-06-03,80.0,MESZ6,815824257
2026-06-04,1069720.0,MESM6,770561194
2026-06-04,5636.0,MESU6,793356217
2026-06-04,156.0,MESZ6,815824257
2026-06-05,2013132.0,MESM6,770561194
2026-06-05,12459.0,MESU6,793356217
2026-06-05,394.0,MESZ6,815824257
2026-06-08,1697619.0,MESM6,770561194
2026-06-08,13001.0,MESU6,793356217
2026-06-08,532.0,MESZ6,815824257
2026-06-09,2288781.0,MESM6,770561194
2026-06-09,21596.0,MESU6,793356217
2026-06-09,808.0,MESZ6,815824257
2026-06-10,1930908.0,MESM6,770561194
2026-06-10,37688.0,MESU6,793356217
2026-06-10,587.0,MESZ6,815824257
2026-06-11,2165079.0,MESM6,770561194
2026-06-11,65364.0,MESU6,793356217
2026-06-11,733.0,MESZ6,815824257
2026-06-12,1491047.0,MESM6,770561194
2026-06-12,332347.0,MESU6,793356217
2026-06-12,681.0,MESZ6,815824257
2026-06-15,433116.0,MESM6,770561194
2026-06-15,835710.0,MESU6,793356217
2026-06-15,750.0,MESZ6,815824257
2026-06-16,339647.0,MESM6,770561194
2026-06-16,1148456.0,MESU6,793356217
2026-06-16,480.0,MESZ6,815824257
2026-06-17,268991.0,MESM6,770561194
2026-06-17,1470895.0,MESU6,793356217
2026-06-17,972.0,MESZ6,815824257
2026-06-18,20604.0,MESM6,770561194
2026-06-18,1148625.0,MESU6,793356217
2026-06-18,1590.0,MESZ6,815824257
2026-06-22,0.0,MESM6,770561194
2026-06-22,1498578.0,MESU6,793356217
2026-06-22,2010.0,MESZ6,815824257
2026-06-23,1567262.0,MESU6,793356217
2026-06-23,1937.0,MESZ6,815824257
2026-06-24,1661775.0,MESU6,793356217
2026-06-24,2519.0,MESZ6,815824257
2026-06-25,1794451.0,MESU6,793356217
2026-06-25,2929.0,MESZ6,815824257
2026-06-26,1527393.0,MESU6,793356217
2026-06-26,2852.0,MESZ6,815824257
2026-06-29,1335699.0,MESU6,793356217
2026-06-29,2824.0,MESZ6,815824257
2026-06-30,935534.0,MESU6,793356217
2026-06-30,1434.0,MESZ6,815824257
2026-07-01,994800.0,MESU6,793356217
2026-07-01,1539.0,MESZ6,815824257
2026-07-02,1495091.0,MESU6,793356217
2026-07-02,2613.0,MESZ6,815824257
2026-07-06,1055484.0,MESU6,793356217
2026-07-06,2422.0,MESZ6,815824257
2026-07-07,1012523.0,MESU6,793356217
2026-07-07,1749.0,MESZ6,815824257
2026-07-08,1230906.0,MESU6,793356217
2026-07-08,2074.0,MESZ6,815824257
2026-07-09,835738.0,MESU6,793356217
2026-07-09,1710.0,MESZ6,815824257
2026-07-10,818836.0,MESU6,793356217
2026-07-10,1685.0,MESZ6,815824257
2026-07-13,991116.0,MESU6,793356217
2026-07-13,2098.0,MESZ6,815824257
2026-07-14,958226.0,MESU6,793356217
2026-07-14,2900.0,MESZ6,815824257
2026-07-15,994242.0,MESU6,793356217
2026-07-15,2620.0,MESZ6,815824257
2026-07-16,1023905.0,MESU6,793356217
2026-07-16,2527.0,MESZ6,815824257
2026-07-17,1249666.0,MESU6,793356217
2026-07-17,2636.0,MESZ6,815824257
2026-07-20,1149508.0,MESU6,793356217
2026-07-20,2472.0,MESZ6,815824257
2026-07-21,915974.0,MESU6,793356217
2026-07-21,1606.0,MESZ6,815824257
2026-07-22,862867.0,MESU6,793356217
2026-07-22,2020.0,MESZ6,815824257
2026-07-23,1339076.0,MESU6,793356217
2026-07-23,2889.0,MESZ6,815824257
2026-07-24,1171439.0,MESU6,793356217
2026-07-24,2724.0,MESZ6,815824257
2026-07-27,1246975.0,MESU6,793356217
2026-07-27,2574.0,MESZ6,815824257
2026-07-28,1207091.0,MESU6,793356217
2026-07-28,2195.0,MESZ6,815824257
2026-07-29,1647807.0,MESU6,793356217
2026-07-29,4062.0,MESZ6,815824257
2026-07-30,1303780.0,MESU6,793356217
2026-07-30,3145.0,MESZ6,815824257
2026-07-31,1282579.0,MESU6,793356217
2026-07-31,4078.0,MESZ6,815824257
2026-08-03,900159.0,MESU6,793356217
2026-08-03,2475.0,MESZ6,815824257
2026-08-04,1044669.0,MESU6,793356217
2026-08-04,4439.0,MESZ6,815824257
2026-08-05,1034653.0,MESU6,793356217
2026-08-05,2935.0,MESZ6,815824257
2026-08-06,1044648.0,MESU6,793356217
2026-08-06,1903.0,MESZ6,815824257
2026-08-07,973663.0,MESU6,793356217
2026-08-07,2589.0,MESZ6,815824257
2026-08-10,787734.0,MESU6,793356217
2026-08-10,1676.0,MESZ6,815824257
2026-08-11,884352.0,MESU6,793356217
2026-08-11,1725.0,MESZ6,815824257
2026-08-12,796947.0,MESU6,793356217
2026-08-12,1524.0,MESZ6,815824257
2026-08-13,860508.0,MESU6,793356217
2026-08-13,2396.0,MESZ6,815824257
2026-08-14,693405.0,MESU6,793356217
2026-08-14,1455.0,MESZ6,815824257
2026-08-17,834838.0,MESU6,793356217
2026-08-17,1577.0,MESZ6,815824257
2026-08-18,898061.0,MESU6,793356217
2026-08-18,2246.0,MESZ6,815824257
2026-08-19,985230.0,MESU6,793356217
2026-08-19,2354.0,MESZ6,815824257
2026-08-20,1043828.0,MESU6,793356217
2026-08-20,2422.0,MESZ6,815824257
2026-08-21,847671.0,MESU6,793356217
2026-08-21,1861.0,MESZ6,815824257
2026-08-24,871423.0,MESU6,793356217
2026-08-24,2020.0,MESZ6,815824257
2026-08-25,811204.0,MESU6,793356217
2026-08-25,1986.0,MESZ6,815824257
2026-08-26,863478.0,MESU6,793356217
2026-08-26,1791.0,MESZ6,815824257
2026-08-27,1048176.0,MESU6,793356217
2026-08-27,3134.0,MESZ6,815824257
2026-08-28,1128481.0,MESU6,793356217
2026-08-28,3605.0,MESZ6,815824257
2026-08-31,926949.0,MESU6,793356217
2026-08-31,2923.0,MESZ6,815824257
2026-09-01,1104485.0,MESU6,793356217
2026-09-01,4728.0,MESZ6,815824257
2026-09-02,945583.0,MESU6,793356217
2026-09-02,2987.0,MESZ6,815824257
2026-09-03,941158.0,MESU6,793356217
2026-09-03,5183.0,MESZ6,815824257
2026-09-04,901164.0,MESU6,793356217
2026-09-04,3546.0,MESZ6,815824257
2026-09-08,1285423.0,MESU6,793356217
2026-09-08,6708.0,MESZ6,815824257
2026-09-09,933394.0,MESU6,793356217
2026-09-09,6877.0,MESZ6,815824257
2026-09-10,1118597.0,MESU6,793356217
2026-09-10,14830.0,MESZ6,815824257
2026-09-11,1065893.0,MESU6,793356217
2026-09-11,31519.0,MESZ6,815824257
2026-09-14,433126.0,MESU6,793356217
2026-09-14,635151.0,MESZ6,815824257
2026-09-15,161849.0,MESU6,793356217
2026-09-15,842882.0,MESZ6,815824257
2026-09-16,178049.0,MESU6,793356217
2026-09-16,1070888.0,MESZ6,815824257
2026-09-17,115715.0,MESU6,793356217
2026-09-17,1006769.0,MESZ6,815824257
2026-09-18,16614.0,MESU6,793356217
2026-09-18,869144.0,MESZ6,815824257
2026-09-21,862819.0,MESZ6,815824257
2026-09-22,882320.0,MESZ6,815824257
2026-09-23,957961.0,MESZ6,815824257
2026-09-24,1263058.0,MESZ6,815824257
2026-09-25,1114860.0,MESZ6,815824257
2026-09-28,1207824.0,MESZ6,815824257
2026-09-29,1102360.0,MESZ6,815824257
2026-09-30,1166886.0,MESZ6,815824257
2026-10-01,1447847.0,MESZ6,815824257
2026-10-02,1125935.0,MESZ6,815824257
2026-10-05,146819.0,MESZ6,815824257